대카테고리,소카테고리
유산소 운동,걷기
유산소 운동,뛰기/조깅
유산소 운동,춤
유산소 운동,자전거 타기
유산소 운동,줄넘기
유산소 운동,에어로빅
근력 운동,전신 운동
근력 운동,상체 운동
근력 운동,상체 운동,팔 운동
근력 운동,상체 운동,어깨 운동
근력 운동,상체 운동,가슴 운동
근력 운동,상체 운동,등 운동
근력 운동,하체 운동
근력 운동,하체 운동,다리 운동
근력 운동,하체 운동,엉덩이 운동
근력 운동,하체 운동,허벅지 운동
근력 운동,코어 운동
근력 운동,코어 운동,복근 운동
근력 운동,코어 운동,허리 운동
유연성 운동,전신 스트레칭
유연성 운동,상체 유연성
유연성 운동,상체 유연성,목 스트레칭
유연성 운동,상체 유연성,어깨 스트레칭
유연성 운동,상체 유연성,팔 스트레칭
유연성 운동,상체 유연성,가슴 스트레칭
유연성 운동,상체 유연성,등 스트레칭
유연성 운동,하체 유연성
유연성 운동,하체 유연성,다리 스트레칭
유연성 운동,하체 유연성,엉덩이 스트레칭
유연성 운동,하체 유연성,허벅지 스트레칭
유연성 운동,하체 유연성,종아리 스트레칭
균형 운동,전신 균형 운동
균형 운동,상체 균형 운동
균형 운동,하체 균형 운동
균형 운동,코어 균형 운동
고강도 인터벌 트레이닝 (HIIT),전신 HIIT
고강도 인터벌 트레이닝 (HIIT),상체 HIIT
고강도 인터벌 트레이닝 (HIIT),하체 HIIT
고강도 인터벌 트레이닝 (HIIT),코어 HIIT
요가,하타 요가
요가,빈야사 요가
요가,아쉬탕가 요가
요가,인요가
요가,파워 요가
요가,회복 요가
요가,부위별 요가
요가,부위별 요가,상체 요가
요가,부위별 요가,하체 요가
요가,부위별 요가,코어 요가
필라테스,매트 필라테스
필라테스,리포머 필라테스
필라테스,캐딜락 필라테스
필라테스,바렐 필라테스
필라테스,부위별 필라테스
필라테스,부위별 필라테스,상체 필라테스
필라테스,부위별 필라테스,하체 필라테스
필라테스,부위별 필라테스,코어 필라테스
